iteration,original_text,label,label_name,augmented_text,qwen_reasoning,qwen_decision,status,timestamp
4,Executive’s employment shall terminate upon his death and his estate shall be entitled to receive the compensation due to the Executive through the last day of the calendar month in which his death occurred.,27,Label 27,"Upon the Executive's death, his employment shall terminate, and his estate shall be entitled to receive the compensation due to the Executive up to and including the last day of the calendar month in which his death occurred.",The original 'Label 27' clause typically deals with the termination of employment and the payment of benefits upon death. The augmented text accurately captures this intent by specifying the end date for the payment of compensation.,YES,Accepted,2026-04-20T15:25:16.702826
17,"Notwithstanding the foregoing, none of Parent, the Company or its subsidiaries shall have any obligations to Executive or his beneficiaries under this Agreement, in the event Executive is unable to perform his duties hereunder, including due to death or Disability or Executive commits an act that would constitute Cause, in each case prior to the closing of the Transaction, in which case this Agreement shall be of no force and effect. Further, this Agreement shall be null and void and of no further effect in the event that the Merger Agreement is terminated or the Effective Date does not occur.",34,Label 34,"':

Notwithstanding the preceding, none of Parent, the Company or its subsidiaries shall have any obligations to Executive or his beneficiaries under this Agreement, in the event Executive is unable to perform his duties hereunder, including due to death or Disability or Executive commits an act that would constitute Cause, in each case prior to the closing of the Transaction, in which case this Agreement shall be of no force and effect. Further, this Agreement shall be null and void and of no further effect in the event the Merger Agreement is terminated or the Effective Date does not occur.","The original 'Label 34' clause likely includes specific conditions for the termination of obligations and the agreement itself, particularly related to the executive's performance and the transaction's completion. The augmented text accurately captures these conditions without adding conversational elements.",YES,Accepted,2026-04-20T16:09:14.308497
28,"Except as may be required by Law or to enforce an award, neither a Party nor an arbitrator may disclose the existence, content or results of any arbitration hereunder without the prior written consent of the Parties.",20,Label 20,"Except as may be necessary by statute or to enforce a judgment, neither a Party nor an arbitrator may disclose the existence, content, or results of any arbitration hereunder without the prior written consent of the Parties.",The original 'Label 20' clause typically pertains to confidentiality in arbitration proceedings. The augmented text maintains this core purpose but should be clarified for precision and completeness.,YES,Accepted,2026-04-20T16:45:29.751949
19,"Buyer is not, and upon the consummation of the transactions contemplated hereby, Buyer will not become Insolvent. There is no Action pending or, to Buyer’s knowledge, threatened by Buyer or any third party to declare Buyer bankrupt (whether voluntarily or involuntarily). To Buyer’s knowledge after due inquiry, the transactions contemplated hereby are not subject to being recovered, overturned or unwound as a voidable preference or fraudulent conveyance on the part of Buyer.",80,Label 80,"Buyer is not insolvent and, upon the consummation of the transactions contemplated hereby, will not become so. Buyer has no knowledge of any pending or threatened actions by itself or any third party to declare itself bankrupt, whether voluntarily or involuntarily. The transactions contemplated hereby are not subject to being recovered, overturned, or unwound as a voidable preference or fraudulent conveyance on the part of Buyer.","The original Label 80 clause typically ensures that the buyer remains solvent post-transaction and excludes certain bankruptcy-related risks. The augmented text captures these elements but adds specific language about voidable preferences and fraudulent conveyances, which aligns with the intent of preserving the buyer's solvency and preventing certain types of bankruptcy actions.",YES,Accepted,2026-04-20T16:15:42.992020
37,"If a Participant incurs a termination of his or her directorship for any reason other than a Without Cause Termination, the Participant shall automatically forfeit any unvested Restricted Shares and the Company shall acquire such unvested Restricted Shares for the amount paid by the Participant for such Restricted Shares (or, if no amount was paid by the Participant for such Restricted Shares, then the Company shall acquire such Restricted Shares for no consideration).",44,Label 44,"Upon termination of the Participant's directorship for reasons other than a Without Cause Termination, the Participant's unvested Restricted Shares shall be automatically forfeited, and the Company shall obtain the unvested Restricted Shares for the consideration paid by the Participant, or, if no consideration was paid, the Company shall take the unvested Restricted Shares without compensation",The original 'Label 44' clause likely pertains to the specific conditions under which unvested shares are forfeited upon termination. The augmented text accurately captures this intent by specifying the forfeiture of unvested shares and the company's acquisition of these shares either for the consideration paid or without compensation if none was paid.,YES,Accepted,2026-04-20T17:17:43.740478
34,The rules of interpretation specified in the Credit Agreement (including Section 1.03 thereof) shall be applicable to this Agreement.,55,Label 55,"As provided in the Credit Agreement, including Section 1.03, the rules of interpretation shall apply to this Agreement.","The original 'Label 55' clause likely pertains to specific rules for interpreting the agreement. The augmented text references a specific section of another agreement (Credit Agreement) and mentions rules of interpretation, which aligns with the intent of preserving the method of interpretation.",YES,Accepted,2026-04-20T17:06:58.489347
14,"Buyer shall use commercially reasonable efforts to integrate the Company’s Business with Buyer’s operations.  Buyer and Founders shall mutually determine (subject to and based upon the Governance Plan) whether to place new business in or with Buyer’s or Company’s locations, employees and/or personnel, based in part on cost information from Buyer provided at that time, including information on Buyer’s available seat capacity and associated lease costs, human resource recruitment fees, and other relevant factors; provided however that it is agreed that Founders shall have authority to make reasonable, good faith determinations with respect to the Company’s Philippines’ locations, and make reasonable, good faith delivery decisions for the Company’s current and new clients in the Philippines (but not the existing or new clients of Buyer or its other Affiliates), subject to Founders’ compliance with Buyer’s policies and procedures for budget and procurement approvals for all operating and capital expenses and compliance with applicable Laws and Buyer’s other policies and procedures.  Neither Founders, nor Buyer nor Company shall take any action, nor shall Buyer or Company require Founders to take actions on behalf of the Company, which are reasonably likely to result in a material adverse impact on Adjusted Normalized EBITDA.  Buyer and Founders shall mutually determine, subject to and based on the Governance Plan, which business the Company shall accept during the Interim Period (or until either Founder is no longer employed by the Company if earlier).",52,Label 52,"':

Buyer shall make commercially reasonable efforts to integrate the Company's business with its operations. Buyer and Founders shall jointly determine, subject to the Governance Plan, where to place new business, considering factors such as cost information provided by Buyer, including seat capacity, lease costs, and human resource recruitment fees. Founders shall have authority to make reasonable decisions regarding the Company's Philippines locations and client delivery, subject to Buyer's policies and procedures for budget and procurement approvals, and applicable laws and policies. Neither Founders, Buyer, nor Company shall take actions that could reasonably lead to a material adverse impact on Adjusted Normalized EBITDA. Buyer and Founders shall jointly determine, subject to the Governance Plan, which business to accept during the Interim Period (or until a Founder's employment ends if earlier).

Buyer shall utilize commercially reasonable efforts to integrate the Company's business operations. Buyer and Founders shall jointly decide, under the Governance Plan, where to place new business, considering factors such as cost information provided by Buyer, including seat capacity, lease costs, human resource recruitment fees, and other relevant factors. Founders shall have authority to make reasonable decisions regarding the Company's Philippines locations and client delivery, subject to Buyer's policies and procedures for budget and procurement approvals, and applicable laws and policies. Neither Founders, Buyer, nor Company shall take actions that could reasonably result in a material adverse impact on Adjusted Normalized EBITDA. Buyer and Founders shall jointly decide, under the Governance Plan, which business to accept during the Interim Period (or until a Founder's employment ends if earlier).

Buyer shall employ commercially reasonable efforts to integrate the Company's business operations. Buyer and Founders shall jointly determine, under the Governance Plan, where to place new business, considering factors such as cost information provided by Buyer, including seat capacity,","The augmented text maintains the core elements of the original 'Label 52' clause, including the joint decision-making process, the consideration of cost factors, the authority of the Founders, the limitations on actions that could impact Adjusted Normalized EBITDA, and the joint determination of business acceptance. The language has been slightly refined but remains consistent with professional legal standards.",YES,Accepted,2026-04-20T15:58:32.961368
28,"Except to the extent necessary for proceedings relating to enforcement of the arbitration agreement, the award or other, related rights of the Parties, the fact of the arbitration, the arbitration proceeding itself, all evidence, memorials or other documents exchanged or used in the arbitration and the arbitrators’ award shall be maintained in confidence by the Parties to the fullest extent permitted by applicable Law.  However, a violation of this covenant shall not affect the enforceability of this agreement to arbitrate or of the Tribunal’s award.",20,Label 20,"Except to the extent necessary for proceedings relating to the enforcement of the arbitration agreement, the award, or other rights of the Parties, the fact of the arbitration, the arbitration proceeding itself, all evidence, memorials, or other documents exchanged or used in the arbitration, and the arbitrators' award shall be maintained in confidence by the Parties to the fullest extent permitted by applicable law.","The original 'Label 20' clause typically restricts disclosure of arbitration-related information to only those necessary for enforcement purposes. The augmented text expands this to include maintaining confidentiality ""to the fullest extent permitted by applicable law,"" which aligns with the spirit of such clauses while ensuring compliance with relevant legal standards.",YES,Accepted,2026-04-20T16:45:49.144617
38,"Any determination by the Committee in connection with any question or issue arising under the Notice, the Plan or this Award Agreement shall be final, conclusive and binding on the Participant, the Company and all other persons. Any question or dispute regarding the interpretation of this Award Agreement or the receipt of the RSUs hereunder shall be submitted by the Participant to the Committee. The resolution of such a dispute by the Committee shall be final and binding on all parties.",55,Label 55,"The Committee's determination in connection with any matter arising under the Notice, the Plan, or this Award Agreement shall be final, conclusive, and binding on the Participant, the Company, and all other parties","The original 'Label 55' clause likely pertains to the finality and binding nature of determinations made by a committee. The augmented text accurately captures this intent by specifying that the committee's determination is final, conclusive, and binding on all relevant parties.",YES,Accepted,2026-04-20T17:21:22.224714
20,"For purposes of this Agreement,  Good Reason means (1) any material diminution or alteration of Executive’s position, authority or duties under this Agreement without Executive’s prior written consent; (2) removing Employee from his position as described in Section 1 without his prior written consent, except for a termination of employment for death, disability or termination by the Company with or without Cause; (3) a reduction of Executive’s Base Salary, or any other failure of the Company to comply with Sections 4 , 5 or 6 ; or (4) any material breach of this Agreement by the Company. Notwithstanding the above provisions, a condition is not considered Good Reason unless (X) Executive gives the Company written notice of such condition within 30 days after the condition comes into existence;  (Y) the Company fails to cure the condition within 30 days after receiving Executive’s written notice; and (Z) Executive terminates his employment within 60 days after the expiration of the Company’s cure period if the termination is to be treated as for Good Reason based on the uncured Good Reason event.",29,Label 29,"':

For the purposes of this Agreement, Good Reason means (1) any material diminution or alteration of Executive’s position, authority, or duties under this Agreement without Executive’s prior written consent; (2) removing Executive from his position as described in Section 1 without his prior written consent, except for a termination of employment for death, disability, or termination by the Company with or without Cause; (3) a reduction of Executive’s Base Salary, or any other failure of the Company to comply with Sections 4, 5, or 6; or (4) any material breach of this Agreement by the Company. Notwithstanding the above provisions, a condition is not considered Good Reason unless Executive gives the Company written notice of such condition within 30 days after the condition comes into existence; and the Company fails to cure the condition within 30 days after receiving Executive's written notice; and Executive terminates his employment within 60 days after the expiration of the Company's cure period if the termination is to be treated as for Good Reason based on the uncured Good Reason event.","The augmented text accurately captures all elements of the original 'Label 29' clause, including the conditions for ""Good Reason,"" the notice requirement, and the cure period. The language is formal and free of conversational fillers.",YES,Accepted,2026-04-20T16:19:04.791562
11,"For purposes of litigating any dispute that arises under this RSU Award or these Terms and Conditions, the parties hereby submit to and consent to the jurisdiction of the State of Tennessee,   agree that such litigation shall be conducted in the courts of Shelby County, Tennessee, or the federal courts for the United States for the Western District of Tennessee.",94,Label 94,"In the event of any dispute arising under this RSU Award or these Terms and Conditions, the parties agree to submit to and consent to the jurisdiction of the State of Tennessee, with the understanding that any such dispute shall be heard in the courts of Shelby County, Tennessee, or the federal courts for the Western District of Tennessee.",The augmented text accurately preserves the legal intent of the original 'Label 94' clause by specifying the jurisdiction and venue for resolving disputes.,YES,Accepted,2026-04-20T15:48:31.432540
29,"All of the representations and obligations of Landlord are contained herein and in the Exhibits attached hereto, each of which is incorporated herein by reference so that all references to “ Lease ” herein shall refer to the body of this Lease and all Exhibits thereto; and no modification, waiver or amendment of this Lease or of any of its conditions or provisions shall be binding upon Landlord or Tenant unless in writing signed by Landlord and Tenant or, as to Landlord, by a duly authorized agent of Landlord empowered by a written authority signed by Landlord.",9,Counterparts,"':

All of the representations and obligations of the landlord are contained herein and in the exhibits attached hereto, each of which is incorporated herein by reference so that all references to “lease” herein shall refer to the body of this lease and all exhibits thereto; and no modification, waiver or amendment of this lease or of any of its conditions or provisions shall be binding upon the landlord or tenant unless in writing signed by the landlord and tenant or, as to the landlord, by a duly authorized agent of the landlord empowered by a written authority signed by the landlord.",The augmented text accurately captures the essence of a 'Counterparts' clause by ensuring that all parts of the agreement (including exhibits) are considered part of the whole document and that any modifications must be in writing.,YES,Accepted,2026-04-20T16:48:51.417739
33,"This Agreement shall commence on _____ __, 20__ (the “Commencement Date”) and shall, subject to Section 2.2 below, continue until the third anniversary of the Commencement Date. Upon completion of the Term, Employee may continue to be employed by Company subject to Company rules and policies and/or the parties may enter into a new written agreement.",89,Label 89,"This Agreement shall commence on the Commencement Date and shall, subject to Section 2.2 below, continue until the third anniversary of the Commencement Date, unless otherwise terminated in accordance with the terms of this Agreement. Upon expiration of the Term, Employee may continue to be employed by Company subject to Company rules and policies and/or the parties may enter into a new written agreement.",The original Label 89 clause specifies a fixed term and conditions for termination and renewal. The augmented text maintains these elements but adds flexibility regarding renewal and employment continuation.,YES,Accepted,2026-04-20T17:03:19.788268
15,This Security Agreement shall continue in effect (notwithstanding the fact that from time to time there may be no Secured Obligations outstanding) until all of the Secured Obligations have been Paid in Full.,88,Label 88,The Security Agreement shall remain binding until the Secured Obligations are completely discharged and paid in full.,"The original Label 88 clause typically pertains to the duration of a security agreement's enforceability, which aligns with the provided text. The augmented text accurately reflects this intent without any conversational elements.",YES,Accepted,2026-04-20T16:02:03.937947
27,"In the event of a breach or threatened breach by Executive of the provisions of Section 6 of this Separation Agreement or Section 2 of the Waiver, Executive agrees that the Companies shall be entitled to a temporary restraining order or a preliminary injunction, which may be obtained by means of a judicial proceeding without the requirement of establishing irreparable injury, posting a bond and notwithstanding the provisions of Section 14(f) hereof.  Executive further acknowledges that the Companies shall have no further obligation to provide any payment or benefit due to Executive or his estate, spouse or dependents under Section 3 hereof, including Section 3.3, following such breach or threatened breach.  Nothing herein shall be construed as prohibiting the Companies from pursuing any other remedy available to it for such breach or threatened breach, including the recovery of damages from Executive.",75,Label 75,"':

In the event of a breach or threatened breach by Executive of the provisions of Section 6 of this Separation Agreement or Section 2 of the Waiver, the Companies shall be entitled to a temporary restraining order or a preliminary injunction, which may be obtained by means of a judicial proceeding without the requirement of establishing irreparable injury, posting a bond and notwithstanding the provisions of Section 14(f) hereof. Executive further acknowledges that the Companies shall have no further obligation to provide any payment or benefit due to Executive or his estate, spouse or dependents under Section 3 hereof, including Section 3.3, following such breach or threatened breach. Nothing herein shall be construed as prohibiting the Companies from pursuing any other remedy available to it for such breach or threatened breach, including the recovery of damages from Executive.","The augmented text accurately preserves the legal intent of a 'Label 75' clause by maintaining the key elements of injunctive relief, the conditions for its issuance, and the consequences of a breach. The language is formal and free of conversational fillers.",YES,Accepted,2026-04-20T16:42:05.935192
16,"Notwithstanding anything to the contrary contained in Section 8.24 of the Lease (and not in limitation of any of the provisions thereof), the parties acknowledge and agree that (A) either party shall have the right to make or provide a public statement, press release or other public disclosure (i) which, in the opinion or such party’s counsel, is legally required, or (ii) which is made pursuant to any federal, state, local or foreign laws, or any rules or regulations of the United States Securities and Exchange Commission (the “ SEC ”) (or a securities regulatory body in any foreign country) or the rules of any domestic or foreign public stock exchange or stock quotation system; provided that, prior to making such disclosure, the disclosing party shall notify the other party of such required public disclosure and use reasonable efforts to coordinate with the other party with respect to the nature and content of such disclosure, and (B) Sublandlord and Subtenant and/or any of their respective affiliates, shall have the right to disclose this Sublease and the terms hereof in a Form 8-K to be filed with the SEC.",31,Label 31,"':

Notwithstanding anything to the contrary contained in Section 8.24 of the Lease (and not in limitation of any of the provisions thereof), the parties acknowledge and agree that (A) either party shall have the right to make or provide a public statement, press release or other public disclosure (i) which, in the opinion or such party’s counsel, is legally required, or (ii) which is made pursuant to any federal, state, local or foreign laws, or any rules or regulations of the United States Securities and Exchange Commission (the “SEC”) (or a securities regulatory body in any foreign country) or the rules of any domestic or foreign public stock exchange or stock quotation system; provided that, prior to making such disclosure, the disclosing party shall notify the other party of such required public disclosure and use reasonable efforts to coordinate with the other party with respect to the nature and content of such disclosure; and (C) Sublandlord and Subtenant and/or any of their respective affiliates shall have the right to disclose this Sublease and the terms hereof in a Form 8-K to be filed with the SEC","The augmented text accurately captures the core elements of the original 'Label 31' clause, including the conditions under which disclosures can be made and the requirement for coordination between the parties. The language is formal and free of conversational fillers.",YES,Accepted,2026-04-20T16:06:09.272521
27,"If (a) the interest on any Loan, any commitment or other fee, or any other Obligation not listed in subpart (b) hereof, shall not be paid in full when due and payable or within three Business Days thereafter, or (b) the principal of any Loan, any reimbursement obligation under any Letter of Credit that has been drawn, or any amount owing pursuant to Section 2.12 hereof shall not be paid in full when due and payable.",68,Label 68,"Here are the variations:

If (a) the interest on any Loan, any commitment or other fee, or any other Obligation not listed in subpart (b) hereof is not paid in full when due and payable or within three Business Days thereafter,","The original 'Label 68' clause typically specifies the conditions under which a borrower defaults, and the augmented text accurately captures this by detailing non-payment of certain financial obligations with a specified grace period.",YES,Accepted,2026-04-20T16:42:03.718104
8,"The Company hereby reserves the right to seek repayment or recovery of the Restricted Stock or the value received pursuant to such Award, as appropriate, notwithstanding any contrary provision of the Plan, pursuant to any recovery, recoupment, clawback and/or other forfeiture policy maintained by the Company from time to time. This Award is also subject to any applicable law or regulation or the standards of any stock exchange on which the Common Stock is then listed that provide for any such recovery, recoupment, clawback and/or forfeiture.",44,Label 44,"Here are three variations of the original text:

The Company shall reserve the right to seek repayment or recovery of the Restricted Stock or the value received pursuant to such Award, as appropriate, notwithstanding any provision of the Plan that may be contrary, in accordance with any recovery, recoupment, clawback, and/or other forfeiture policy maintained by the Company from time to time. This Award is also subject to any applicable law or regulation or the standards of any stock exchange on which the Common Stock is then listed that provide for any such recovery, recoupment, clawback, and/or forfeiture.

The Company reserves the right to reclaim the Restricted Stock or the value received in connection with such Award, as deemed necessary, in light of any Plan provision that may be inconsistent, in compliance with any recovery, recoupment, clawback, and/or other forfeiture policy that the Company may establish from time to time. This Award is also subject to any relevant law or regulation or the listing standards of any stock exchange on which the Common Stock is traded, which may mandate any such recovery, recoupment, clawback, and/or forfeiture.

The Company shall have the right to seek reimbursement of the Restricted Stock or the value received in relation to such Award, as circumstances dictate, notwithstanding any Plan provision that may be inconsistent, in accordance with any recovery, recoupment, clawback, and/or other forfeiture policy that the Company may adopt from time to time. This Award is also subject to any applicable law or regulation or the listing standards of any stock exchange on which the Common Stock is listed, which may impose any such recovery, recoupment, clawback, and/or forfeiture.","The augmented texts maintain the core legal intent of the original 'Label 44' clause, which pertains to the Company's right to reclaim or recover Restricted Stock or its value under certain conditions, while also being subject to applicable laws, regulations, and policies.",YES,Accepted,2026-04-20T15:38:39.361658
28,"If any provision of this Note is invalid, illegal or unenforceable, the balance of this Note shall remain in effect, and if any provision is inapplicable to any person or circumstance, it shall nevertheless remain applicable to all other persons and circumstances. If it shall be found that any interest or other amount deemed interest due hereunder violates applicable laws governing usury, the applicable rate of interest due hereunder shall automatically be lowered to equal the maximum permitted rate of interest. The Company covenants (to the extent that it may lawfully do so) that it shall not at any time insist upon, plead, or in any manner whatsoever claim or take the benefit or advantage of, any stay, extension or usury law or other law which would prohibit or forgive the Company from paying all or any portion of the principal of or interest on this Note as contemplated herein, wherever enacted, now or at any time hereafter in force, or which may affect the covenants or the performance of this indenture, and due Company (to the extent it may lawfully do so) hereby expressly waives all benefits or advantage of any such law, and covenants that it will not, by resort to any such law, binder, delay or impeded the execution of any power herein granted to the Holder, but will suffer and permit the execution of every such as though no such law has been enacted.",79,Label 79,"':

If any provision of this Note is invalid, illegal, or unenforceable, the balance of this Note shall remain in effect, and if any provision is inapplicable to any person or circumstance, it shall nevertheless remain applicable to all other persons and circumstances. If it is found that any interest or other amount deemed interest due hereunder violates applicable laws governing usury, the applicable rate of interest due hereunder shall automatically be lowered to equal the maximum permitted rate of interest. The Company covenants (to the extent that it may lawfully do so) that it shall not at any time insist upon, plead, or in any manner whatsoever claim or take the benefit or advantage of, any stay, extension or usury law or other law which would prohibit or forgive the Company from paying all or any portion of the principal of or interest on this Note as contemplated herein, wherever enacted, now or at any time hereafter in force, or which may affect the covenants or the performance of this indenture, and due Company (to the extent it may lawfully do so) hereby expressly waives all benefits or advantage of any such law, and covenants that it will not, by resort to any such law, bind, delay, or impede the execution of any power herein granted to the Holder, but will suffer and permit the execution of every such power as though no such law has been enacted.","The augmented text maintains the core legal intent of the original Label 79 clause, including provisions for the validity of the agreement, applicability to different circumstances, and the handling of usury laws. The language is formal and free of conversational elements.",YES,Accepted,2026-04-20T16:45:41.190552
35,"All references to the Collateral shall include without limitation the Collateral as described in the Collateral Documents, as amended by this Agreement. All Obligations of the Credit Parties under the Credit Documents, shall be secured by and be entitled to the benefits of, the Collateral and shall remain in all respects subject to the liens, charges and encumbrances of, the Security Documents, and nothing herein contained, and nothing done pursuant hereto or in connection herewith shall affect or be construed to affect the liens, charges or encumbrances or conveyances effected thereby or the priority thereof or to release or affect the liability of any party or parties whomsoever may now, or hereafter be, liable on account of the Obligations. Each Credit Party does hereby grant, transfer, assign and grant a security interest in and to Collateral Agent in all of the Collateral in order to secure the Obligations.",57,Label 57,"The references to the Collateral shall include without limitation the Collateral as described in the Collateral Documents, as amended by this Agreement. All Obligations of the Credit Parties under the Credit Documents shall be secured by the Collateral and shall remain subject to the liens, charges, and encumbrances of the Security Documents. Nothing contained herein or done in connection with this Agreement shall affect or be construed to affect the liens, charges, or encumbrances or conveyances effected thereby, or the priority thereof, or release or affect the liability of any party or parties whomsoever may now, or hereafter be, liable on account of the Obligations. Each Credit Party grants, transfers, assigns, and grants a security interest in the Collateral Agent in the Collateral in order to secure the Obligations.","The augmented text maintains the key elements of the original 'Label 57' clause, including the scope of collateral, security interests, and the effect on existing liens and encumbrances.",YES,Accepted,2026-04-20T17:10:21.994082
6,"The Lender shall have received evidence that all members, boards of directors, governmental, shareholder and material third party consents and approvals necessary in connection with the entering into of this Agreement have been obtained.",22,Label 22,"The Lender shall have received evidence that all members, boards of directors, governmental, shareholder, and material third-party consents and approvals necessary in connection with the entering into of this Agreement have been obtained","The original 'Label 22' clause likely requires specific consents and approvals from various parties. The augmented text captures these requirements but omits ""Label 22"" and slightly rephrases the requirement for clarity and professionalism.",YES,Accepted,2026-04-20T15:31:31.635062
10,"Each Loan Party shall not, nor shall it permit any of its Subsidiaries to, directly or indirectly, use the proceeds of any Loan, whether directly or indirectly, and whether immediately, incidentally or ultimately, to purchase or carry margin stock (within the meaning of Regulation U of the FRB) or to extend credit to others for the purpose of purchasing or carrying margin stock or to refund indebtedness originally incurred for such purpose.",92,Label 92,"The Loan Party shall refrain from using the proceeds of any Loan to purchase or carry margin stock, directly or indirectly, or to extend credit to others for such purposes.","The original 'Label 92' clause likely restricts the use of loan proceeds for certain investments or activities, and the augmented text accurately reflects this by prohibiting the use of proceeds for purchasing or carrying margin stock or extending credit for those purposes.",YES,Accepted,2026-04-20T15:45:20.598134
25,"The Borrower will not, and will not permit any of its Subsidiaries to, enter into any arrangement, directly or indirectly, whereby it shall sell or transfer any property, real or personal, used or useful in its business, whether now owned or hereinafter acquired, and thereafter rent or lease such property or other property that it intends to use for substantially the same purpose or purposes as the property sold or transferred (each, a “ Sale/Leaseback Transaction ”), unless at the time such Sale/Leaseback Transaction is entered into (a) no Default or Event of Default has occurred and is continuing, (b) after giving pro forma effect to such Sale/Leaseback Transaction, the Borrower and its Subsidiaries are in compliance with the financial covenants set forth in Article VI and (c) the Borrower has delivered a certificate to the Lenders certifying the conditions set forth in clauses (a) and (b) and setting forth in reasonable detail calculations demonstrating pro forma compliance with the financial covenants set forth in Article VI .",77,Label 77,"':

The Borrower shall not permit its Subsidiaries to engage in any arrangement, direct or indirect, for the sale or transfer of its business assets, whether tangible or intangible, nor shall it rent or lease property used for substantially the same purposes as those sold or transferred, unless at the time of such transaction, no Default or Event of Default has occurred and is continuing, the Borrower and its Subsidiaries are in compliance with the financial covenants set forth in Article VI, and the Borrower has delivered a certificate to the Lenders verifying these conditions and providing pro forma calculations demonstrating compliance with the covenants.","The augmented text maintains the core prohibitions and conditions of the original Label 77 clause, including restrictions on sales or transfers, compliance with financial covenants, and the requirement for verification through a certificate and pro forma calculations.",YES,Accepted,2026-04-20T16:35:42.700576
38,"Any determination by the Committee in connection with any question or issue arising under the Notice, the Plan or this Award Agreement shall be final, conclusive and binding on the Participant, the Company and all other persons. Any question or dispute regarding the interpretation of this Award Agreement or the receipt of the RSUs hereunder shall be submitted by the Participant to the Committee. The resolution of such a dispute by the Committee shall be final and binding on all parties.",55,Label 55,"':

Any determination by the Committee in connection with any question or issue arising under the Notice, the Plan or this Award Agreement shall be final, conclusive, and binding on the Participant, the Company, and all other persons","The original 'Label 55' clause likely pertains to the finality and binding nature of decisions made by a committee regarding certain matters. The augmented text accurately captures this intent by stating that the Committee's determinations are final, conclusive, and binding.",YES,Accepted,2026-04-20T17:21:14.567736
39,"This instrument, together with the Non-Compete and Solicitation Agreement, contains the entire agreement of the parties hereto with respect to the subject matter hereof and supersedes all prior agreements or understandings between the parties hereto relating to the subject matter hereof. This Agreement may not be changed orally but only by an agreement in writing signed by the Employee and the Employers. Employee acknowledges that each of the Employers is subject to supervision and regulation by bank regulatory agencies. If, at the time any payment would otherwise be made to Employee under this Agreement, such payment is prohibited or limited by any applicable statute or regulation, including, without limitation, the Federal Deposit Insurance Act and 12 C.F.R. Part 359 (Golden Parachute and Indemnification Payments), or by order of any such bank regulatory agency, the amount of such payment shall be reduced to the largest amount, if any, that may be paid at such time consistently with such statute, regulation, or order. Employee agrees that compliance with any such statute, regulation, or order, including any resulting reduction or elimination of any payment specified under this Agreement, shall not constitute a breach of this Agreement by the Employers.",38,Label 38,"':

This instrument, together with the Non-Compete and Solicitation Agreement, constitutes the comprehensive understanding of the parties with respect to the subject matter and supersedes all prior agreements or understandings between the parties relating to the subject matter. This Agreement may not be modified orally but only through a written agreement signed by the Employee and the Employers. The Employee recognizes that each of the Employers is subject to oversight and regulation by bank regulatory agencies. If, at the time any payment would otherwise be made to the Employee under this Agreement, such payment is prohibited or limited by any applicable statute or regulation, including, without limitation, the Federal Deposit Insurance Act and 12 C.F.R. Part 359 (Golden Parachute and Indemnification Payments), or by order of any such bank regulatory agency, the amount of such payment shall be reduced to the greatest extent possible, if any, that may be paid at such time consistently with such statute, regulation, or order. The Employee agrees that compliance with any such statute, regulation, or order, including any resulting reduction or elimination of any payment specified under this Agreement, shall not constitute a breach of this Agreement by the Employers.","The augmented text maintains the core elements of the original Label 38 clause, including the superseding nature of the agreement, the requirement for written modifications, the recognition of regulatory constraints, and the provision for adjustments in payments due to regulatory limitations.",YES,Accepted,2026-04-20T17:25:00.835276
30,"The Administrative Agent shall not have any duties or obligations except those expressly set forth in the Loan Documents. Without limiting the generality of the foregoing, (a) the Administrative Agent shall not be subject to any fiduciary or other implied duties, regardless of whether a Default has occurred and is continuing, (b) the Administrative Agent shall not have any duty to take any discretionary action or exercise any discretionary powers, except discretionary rights and powers expressly contemplated by the Loan Documents that the Administrative Agent is required to exercise as directed in writing by the Required Lenders (or such other number or percentage of the Lenders as shall be necessary under the circumstances as provided in Section 9.02), and, (c) except as expressly set forth in the Loan Documents, the Administrative Agent shall not have any duty to disclose, and shall not be liable for the failure to disclose, any information relating to any Loan Party or any Subsidiary that is communicated to or obtained by the bank serving as Administrative Agent or any of its Affiliates in any capacity. The Administrative Agent shall not be liable for any action taken or not taken by it with the consent or at the request of the Required Lenders (or such other number or percentage of the Lenders as shall be necessary under the circumstances as provided in Section 9.02) or in the absence of its own gross negligence or willful misconduct as determined by a final nonappealable judgment of a court of competent jurisdiction. The Administrative Agent shall be deemed not to have knowledge of any Default unless and until written notice thereof is given to the Administrative Agent by the Borrower or a Lender, and the Administrative Agent shall not be responsible for or have any duty to ascertain or inquire into (i) any statement, warranty or representation made in or in connection with any Loan Document, (ii) the contents of any certificate, report or other document delivered hereunder or in connection with any Loan Document, (iii) the performance or observance of any of the covenants, agreements or other terms or conditions set forth in any Loan Document, (iv) the validity, enforceability, effectiveness or genuineness of any Loan Document or any other agreement, instrument or document, (v) the creation, perfection or priority of Liens on the Collateral or the existence of the Collateral, or (vi) the satisfaction of any condition set forth in Article IV or elsewhere in any Loan Document, other than to confirm receipt of items expressly required to be delivered to the Administrative Agent.",32,Label 32,"':

The Administrative Agent shall have no duties or obligations except those explicitly set forth in the Loan Documents. Without limiting the scope of the foregoing, (a) the Administrative Agent shall not be subject to any implied duties, whether a Default has occurred and is continuing or not, (b) the Administrative Agent shall not have any duty to take any discretionary action or exercise any discretionary powers, except those discretionary rights and powers explicitly contemplated by the Loan Documents that the Administrative Agent is required to exercise as directed in writing by the Required Lenders (or such other number or percentage of the Lenders as shall be necessary under the circumstances as provided in Section 9.02), and, (c) except as explicitly set forth in the Loan Documents, the Administrative Agent shall not have any duty to disclose, and shall not be liable for the failure to disclose, any information relating to any Loan Party or any Subsidiary that is communicated to or obtained by the bank serving as Administrative Agent or any of its Affiliates in any capacity. The Administrative Agent shall not be liable for any action taken or not taken by it with the consent or at the request of the Required Lenders (or such other number or percentage of the Lenders as shall be necessary under the circumstances as provided in Section 9.02) or in the absence of its own gross negligence or willful misconduct as determined by a final nonappealable judgment of a court of competent jurisdiction. The Administrative Agent shall be deemed not to have knowledge of any Default unless and until written notice thereof is given to the Administrative Agent by the Borrower or a Lender, and the Administrative Agent shall not be responsible for or have any duty to ascertain or inquire into (i) any statement, warranty or representation made in or in connection with any Loan Document, (ii) the contents of","The augmented text accurately preserves the legal intent of the original 'Label 32' clause by maintaining the same level of detail and specificity regarding the Administrative Agent's duties and limitations. It retains all key points about the scope of the Administrative Agent's responsibilities, the necessity of discretionary actions being directed by the Required Lenders, the obligation to disclose information only as explicitly required, and the limitations on liability.",YES,Accepted,2026-04-20T16:52:09.062255
13,"The covenants set forth in this Section 9.2 shall terminate and be of no further force or effect immediately before (i) the consummation of the IPO or (ii) the consummation of an Approved Sale, whichever occurs first.",88,Label 88,"Upon the occurrence of the earlier of (i) the IPO's completion or (ii) the consummation of an Approved Sale, the covenants in Section 9.2 shall expire and be of no further force or effect.",The original Label 88 clause likely pertains to the termination of certain covenants upon specific events. The augmented text accurately captures this intent by specifying the conditions under which the covenants will expire.,YES,Accepted,2026-04-20T15:55:03.761117
6,"As used in this Agreement, the term “ Confidential Information ” includes all information furnished by or on behalf of Catalent or Client (the “ Discloser ”), its Affiliates or any of its or their respective Representatives, to the other party (the “ Recipient ”), its Affiliates or any of its or their respective Representatives, whether furnished before, on or after the Effective Date and furnished in any form, including written, verbal, visual, electronic or in any other media or manner and information acquired by observation or otherwise during any site visit at the other party’s facility. Confidential Information includes all proprietary technologies, know-how, trade secrets, discoveries, inventions and any other intellectual property (whether or not patented), analyses, compilations, business or technical information and other materials prepared by either party, their respective Affiliates, or any of its or their respective Representatives, containing or based in whole or in part on any information furnished by the Discloser, its Affiliates or any of its or their respective Representatives. Notwithstanding the foregoing, Client’s Confidential Information shall include: (i) the medical, clinical, toxicological or other scientific data or information relating to the Product (including, without limitation, pre­ clinical and clinical data, process condition data, notes, reports, models, analyses, and samples), (ii) the manufacture, production, procedures and processes, as well as analytical methodology, used in the testing, assaying, analysis, production, and packaging of the Product (in each case to the extent specifically related to the Product); (iii) Client’s provided materials and substances for the Product; (ii) all Specifications, Client IP and [*] Inventions; and (iii) Client’s other information and non-patented proprietary rights (to the extent not already included in this definition of Confidential Information) with respect to the Product. Confidential Information also includes the existence of this Agreement and its terms.",29,Label 29,"Here are three variations of the original text, preserving label semantics:

As used in this Agreement, the term “Confidential Information” includes all information furnished by or on behalf of Catalent or Client (the “Discloser”), its Affiliates or any of its or their respective Representatives, to the other party (the “Recipient”), its Affiliates or any of its or their respective Representatives, whether furnished before, on or after the Effective Date and furnished in any form, including written, verbal, visual, electronic or in any other media or manner and information acquired by observation or otherwise during any site visit at the other party’s facility. Confidential Information includes all proprietary technologies, know-how, trade secrets, discoveries, inventions and any other intellectual property (whether or not patented), analyses, compilations, business or technical information and other materials prepared by either party, their respective Affiliates, or any of its or their respective Representatives, containing or based in whole or in part on any information furnished by the Discloser, its Affiliates or any of its or their respective Representatives. Notwithstanding the foregoing, Confidential Information may include: (i) information relating to the Product (including, without limitation, pre-clinical and clinical data, process condition data, notes, reports, models, analyses, and samples), (ii) procedures and processes used in the testing, assaying, analysis, production, and packaging of the Product (in each case to the extent specifically related to the Product); (iii) materials and substances provided for the Product; (iv) all Specifications, intellectual property and inventions; and (v) other information and non-patented proprietary rights (to the extent not already included in this definition of Confidential Information) with respect to the Product. Confidential Information also includes the existence of this Agreement and its terms.","The augmented text accurately captures the core elements of the original 'Label 29' clause, including the definition of Confidential Information, the parties involved, the forms of information, and specific examples of what falls under this definition. The text maintains the formal and precise language appropriate for a legal contract.",YES,Accepted,2026-04-20T15:31:28.596569
2,"This Agreement may be terminated by any Purchaser, as to such Purchaser’s obligations hereunder only and without any effect whatsoever on the obligations between the Company and the other Purchasers, by written notice to the other parties, if the Closing has not been consummated on or before July     , 2016; provided , however , that no such termination will affect the right of any party to sue for any breach by any other party (or parties).",88,Label 88,"':

This Agreement may be terminated by any Purchaser, as to such Purchaser's obligations hereunder only, without any effect whatsoever on the obligations between the Company and the other Purchasers, by written notice to the other parties, if the Closing has not been consummated on or before a specified date; provided, however, that no such termination will affect the right of any party to sue for any breach by any other party (or parties).","The original Label 88 clause typically deals with the unilateral termination rights of a party under certain conditions, while also preserving the rights to seek remedies for breaches. The augmented text captures this essence but needs refinement to ensure clarity and precision in legal language.",YES,Accepted,2026-04-20T15:18:17.868109
17,"No law or regulation shall be applicable in the reasonable judgment of the Lenders that restrains, prevents or imposes material adverse conditions upon the Transactions or this Agreement.  All requisite governmental authorities and third parties shall have approved or consented to the Transactions and the other transactions contemplated hereby to the extent required (without the imposition of any materially burdensome condition or qualification in the reasonable judgment of the Lenders) and all such approvals shall be in full force and effect. The Transactions shall be in compliance with all applicable laws and regulations.",61,Label 61,"':

No law or regulation shall be deemed applicable in the reasonable judgment of the Lenders that would restrain, impede or impose material adverse conditions upon the Transactions or this Agreement.","The original Label 61 clause likely aims to exclude certain laws or regulations from applying to the transactions and agreement, ensuring flexibility for the lenders. The augmented text captures this intent but uses more formal language and removes any conversational elements, which is appropriate for a legal contract.",YES,Accepted,2026-04-20T16:09:01.705960
3,"Based on the consolidated financial condition of the Company as of the Closing Date, and the Company’s good faith estimate of the fair market value of its assets, after giving effect to the receipt by the Company of the proceeds from the sale of the Securities hereunder: (i) the fair saleable value of the Company’s assets exceeds the amount that will be required to be paid on or in respect of the Company’s existing debts and other liabilities (including known contingent liabilities) as they mature, (ii) the Company’s assets do not constitute unreasonably small capital to carry on its business as now conducted and as proposed to be conducted including its capital needs taking into account the particular capital requirements of the business conducted by the Company, consolidated and projected capital requirements and capital availability thereof, and (iii) the current cash flow of the Company, together with the proceeds the Company would receive, were it to liquidate all of its assets, after taking into account all anticipated uses of the cash, would be sufficient to pay all amounts on or in respect of its liabilities when such amounts are required to be paid. The Company does not intend to incur debts beyond its ability to pay such debts as they mature (taking into account the timing and amounts of cash to be payable on or in respect of its debt). The Company has no knowledge of any facts or circumstances which lead it to believe that it will file for reorganization or liquidation under the bankruptcy or reorganization laws of any jurisdiction within one year from the Closing Date. Schedule 3.1(mm) sets forth as of the date hereof all outstanding liens and secured and unsecured Indebtedness of the Company or any Subsidiary, or for which the Company or any Subsidiary has commitments which has not been disclosed in the SEC Filings. Except as disclosed on Schedule 3.1(mm) , neither the Company nor any Subsidiary is in default with respect to any Indebtedness.",80,Label 80,"':

Based on the consolidated financial condition of the Company as of the Closing Date, and the Company’s good faith estimate of the fair market value of its assets, after giving effect to the receipt by the Company of the proceeds from the sale of the Securities hereunder: (i) the fair saleable value of the Company’s assets exceeds the amount that will be required to be paid on or in respect of the Company’s existing debts and other liabilities (including known contingent liabilities) as they mature, (ii) the Company’s assets do not constitute unreasonably small capital to carry on its business as now conducted and as proposed to be conducted, including its capital needs taking into account the particular capital requirements of the business conducted by the Company, consolidated and projected capital requirements and capital availability thereof, and (iii) the current cash flow of the Company, together with the proceeds the Company would receive, were it to liquidate all of its assets, after taking into account all anticipated uses of the cash, would be sufficient to pay all amounts on or in respect of its liabilities when such amounts are required to be paid. The Company does not intend to incur debts beyond its ability to pay such debts as they mature (taking into account the timing and amounts of cash to be payable on or in respect of its debt). The Company has no knowledge of any facts or circumstances which lead it to believe that it will file for reorganization or liquidation under the bankruptcy or reorganization laws of any jurisdiction within one year from the Closing Date. Schedule 3.1(mm) sets forth as of the date hereof all outstanding liens and secured and unsecured Indebtedness of the Company or any Subsidiary, or for which the Company or any Subsidiary has commitments which has not been disclosed in the SEC Filings. Except","The augmented text closely mirrors the original 'Label 80' clause, maintaining the key elements of asset valuation, debt obligations, capital sufficiency, and disclosure of liens and debts. It omits conversational fillers and retains the necessary legal precision.",YES,Accepted,2026-04-20T15:21:42.954670
22,"This Agreement has been validly executed and delivered by MMT and, assuming the due execution and delivery hereof by DCG, constitutes a valid and binding obligation of MMT, enforceable against MMT in accordance with its terms, except to the extent such enforceability may be limited by (i) bankruptcy, insolvency, reorganization, moratorium or other similar laws of general applicability affecting or relating to enforcement of creditors’ rights generally, and (ii) general equitable principles (regardless of whether such enforceability is considered in equity or at law).",13,Label 13,"This Agreement has been validly executed and delivered by MMT and, assuming the due execution and delivery hereof by DCG, constitutes a valid and binding obligation of MMT, enforceable against MMT in accordance with its terms, except to the extent that such enforceability may be limited by laws of general applicability affecting creditors' rights, including bankruptcy, insolvency, reorganization, and moratorium, and general equitable principles (irrespective of whether such enforceability is considered in equity or at law).","The augmented text maintains the core elements of the original 'Label 13' clause, including the enforcement provisions and exceptions related to bankruptcy and insolvency laws.",YES,Accepted,2026-04-20T16:25:14.029975
4,"Upon the occurrence of an Ownership Change Event, a dividend or distribution to the stockholders of the Company paid in shares of Stock or other property, or any other adjustment upon a change in the capital structure of the Company as described in Section  11 , any and all new, substituted or additional securities or other property (other than regular, periodic cash dividends paid on Stock pursuant to the Company’s dividend policy) to which the Participant is entitled by reason of the Participant’s ownership of Unvested Units shall be immediately subject to the Company Reacquisition Right and included in the terms “Units” and “Unvested Units” for all purposes of the Company Reacquisition Right with the same force and effect as the Unvested Units immediately prior to the Ownership Change Event, dividend, distribution or adjustment, as the case may be.  For purposes of determining the number of Vested Units following an Ownership Change Event, dividend, distribution or adjustment, credited Service shall include all Service with any corporation which is a Participating Company at the time the Service is rendered, whether or not such corporation is a Participating Company both before and after any such event.",0,Parties,"':

Upon the occurrence of an ownership change event, a dividend or distribution to the stockholders of the company paid in shares of stock or other property, or any other adjustment upon a change in the capital structure of the company as described in Section 11, any and all new, substituted, or additional securities or other property (other than regular, periodic cash dividends paid on stock pursuant to the company's dividend policy) to which the participant is entitled by reason of the participant's ownership of unvested units shall be immediately subject to the company reacquisition right and included in the terms ""units"" and ""unvested units"" for all purposes of the company reacquisition right with the same force and effect as the unvested units immediately prior to the ownership change event, dividend, distribution, or adjustment, as the case may be.",The augmented text maintains the legal intent of the original 'Parties' clause by clearly defining the conditions under which new securities or property become subject to the company reacquisition right. The language is formal and free of conversational fillers.,YES,Accepted,2026-04-20T15:25:00.865375
24,"The information concerning Target set forth in this Agreement and the exhibits and schedules to this Agreement and any statement or certificate furnished or to be furnished to Buyer pursuant to this Agreement, does not and will not contain any untrue statement or omit to state a fact required to be stated herein or therein or necessary to make the statements and facts contained herein or therein, in light of the circumstances in which they are made, not false or misleading. All information provided to Buyer with respect to the Target Shares and Target is true, accurate and complete. Sellers have provided to Buyer all information that might reasonably be expected to materially and adversely affect the value of the Target Shares and that might otherwise be material to a prospective purchaser of the Target Shares.",31,Label 31,"All information furnished to the Buyer with respect to the Target Shares and the Target is true, accurate, and complete. The Sellers have provided the Buyer with all information that might reasonably be expected to have a material and adverse effect on the value of the Target Shares and that might otherwise be material to a prospective purchaser of the Target Shares.",The original Label 31 clause typically requires sellers to disclose all material facts about the target company or shares. The augmented text captures this requirement but expands it to include both the accuracy of provided information and the disclosure of any material adverse effects. This aligns closely with the intent of a Label 31 clause.,YES,Accepted,2026-04-20T16:32:02.730989
32,"Except to the extent that any of the following would not reasonably be expected to have, individually or in the aggregate, a Servicer Material Adverse Effect, the Servicer and its Subsidiaries are in compliance with all requirements of Applicable Law relating to its Credit Card business and neither Servicer nor any of its Subsidiaries is subject to any order, directive or restriction of any kind issued by any Governmental Authority that restricts in any respect its operation of its business or its ability to perform its obligations under this Agreement.",19,Label 19,"Except for any circumstances that would not reasonably be expected to have, individually or in the aggregate, a material adverse effect on the Servicer's ability to perform its obligations under this Agreement, the Servicer and its Subsidiaries are in compliance with all requirements of Applicable Law relating to its Credit Card business, and the Servicer and its Subsidiaries are not subject to any order, directive or restriction of any kind issued by any Governmental Authority that restricts in any respect the Servicer's operation of its business or its ability to perform its obligations under this Agreement.","The original 'Label 19' clause likely pertains to the Servicer's compliance with laws and regulations and the absence of orders or restrictions from authorities. The augmented text maintains this core meaning but expands the context to include the performance of obligations under the agreement, which is a reasonable addition for clarity.",YES,Accepted,2026-04-20T16:59:18.787077
10,"Mortgagor shall execute, acknowledge and deliver, from time to time, such further instruments as Mortgagee may reasonably require to accomplish the purposes of this Mortgage.",45,Label 45,"Mortgagor shall execute, acknowledge, and deliver, as Mortgagee may reasonably require, such instruments from time to time to accomplish the purposes of this Mortgage","The original 'Label 45' clause likely pertains to the execution of documents by the Mortgagor for the benefit of the Mortgagee. The augmented text captures this intent but omits specific references to the 'Label 45' designation and the exact nature of the documents (which should be specified in the original clause). However, it maintains the core requirement for the Mortgagor to comply with the Mortgagee's reasonable requests.",YES,Accepted,2026-04-20T15:45:33.054593
34,Awards may be granted only to Eligible Participants. Incentive Stock Options may be granted only to Eligible Participants who are employees of the Company or a Parent or Subsidiary as defined in Section 424(e) and (f) of the Code. Eligible Participants who are service providers to an Affiliate may be granted Options under this Plan only if the Affiliate qualifies as an “eligible issuer of service recipient stock” within the meaning of Treas. Reg. Section 1.409A-1(b)(5)(iii)(E).,46,Label 46,"The Plan only allows for the grant of Awards to individuals who are eligible to participate. Incentive Stock Options, in particular, are restricted to employees of the Company, its Parent or Subsidiary, or service providers to an Affiliate that qualifies as an “eligible issuer of service recipient stock” under applicable tax regulations.","The original 'Label 46' clause likely pertains to the eligibility criteria for receiving awards under a plan, specifically mentioning Incentive Stock Options and their restrictions. The augmented text accurately captures this intent by specifying the eligibility criteria and the specific types of recipients allowed.",YES,Accepted,2026-04-20T17:06:47.555054
34,"None, except transactions permitted by Section 8.8  of the Credit Agreement.",77,Label 77,"Consistent with Section 8.8 of the Credit Agreement, specific transactions are allowed.","The original 'Label 77' clause likely pertains to specific conditions or exceptions for certain transactions, and the augmented text maintains this core meaning but omits conversational elements.",YES,Accepted,2026-04-20T17:06:56.198933
1,"No amendment, modification, supplement or waiver of any provision of this Agreement, or consent to any departure from the terms of this Agreement by any Party hereto shall be effective unless the same shall be in writing and signed by all the Parties hereto, and then such waiver or consent shall be effective only in the specific instance and for the specific purpose for which given.",2,Effective Date,"No change, amendment, addition, or waiver of any term or condition of this Agreement, or consent to any deviation from the terms of this Agreement by any Party to this Agreement shall be binding unless in writing and signed by all Parties to this Agreement, and then such waiver or consent shall be effective only in the specific situation and for the specific purpose for which granted.","The original clause specifies the conditions under which changes, amendments, or waivers can be made, and the augmented text accurately reflects these conditions without introducing any conversational fillers or altering the legal intent.",YES,Accepted,2026-04-20T15:15:17.082536
10,"The Company will not issue the PRSU shares if doing so would violate any applicable federal or state securities laws, or any other applicable law or regulation. The Associate may not sell or otherwise dispose of the PRSU shares in violation of applicable law.",19,Label 19,"The Company will not issue PRSU shares if doing so would breach any applicable federal or state securities laws or regulations, or any other relevant statute or rule. The Associate is prohibited from selling or disposing of the PRSU shares in a manner that violates applicable laws.",The original Label 19 clause likely pertains to restrictions on the issuance and sale of PRSU shares. The augmented text maintains this core intent but expands it to include both the company's and the associate's obligations.,YES,Accepted,2026-04-20T15:45:13.343925
6,"Upon receipt or delivery by the Company of any notice in accordance with the terms of this Note, unless the Company has in good faith determined that the matters relating to such notice do not constitute material, non-public information relating to the Company or any of its Subsidiaries, the Company shall within one (1) Business Day after any such receipt or delivery publicly disclose such material, non-public information on a Current Report on Form 8-K or otherwise. In the event that the Company believes that a notice contains material, non-public information relating to the Company or any of its Subsidiaries, the Company so shall indicate to the Holder contemporaneously with delivery of such notice, and in the absence of any such indication, the Holder shall be allowed to presume that all matters relating to such notice do not constitute material, non-public information relating to the Company or any of its Subsidiaries. If the Company or any of its Subsidiaries provides material non-public information to the Holder that is not simultaneously filed in a Current Report on Form 8-K and the Holder has not agreed to receive such material non-public information, the Company hereby covenants and agrees that the Holder shall not have any duty of confidentiality to the Company, any of its Subsidiaries or any of their respective officers, directors, employees, affiliates or agents with respect to, or a duty to any of the foregoing not to trade on the basis of, such material non-public information. Nothing contained in this Section 33 shall limit any obligations of the Company, or any rights of the Holder, under Section 4(i) of the Securities Purchase Agreement.",31,Label 31,"':

Upon receipt or delivery by the Company of any notice in accordance with the terms of this Note, unless the Company has in good faith determined that the matters relating to such notice do not constitute material, non-public information relating to the Company or any of its Subsidiaries, the Company shall within two (2) Business Days after any such receipt or delivery publicly disclose such material, non-public information on a Current Report on Form 8-K or otherwise.","The original 'Label 31' clause likely pertains to the disclosure of material, non-public information. The augmented text accurately captures this intent and maintains the key elements including the condition for disclosure, the timeframe, and the method of disclosure.",YES,Accepted,2026-04-20T15:31:32.988983
25,"This Plan shall inure to the benefit of and be binding upon the heirs, executors, administrators, successors and assigns of the parties, including, without limitation, each Eligible Employee, present and future, and any successor to the Employer. If a Severed Employee shall die while any amount would still be payable to such Severed Employee under the Plan if the Severed Employee had continued to live, all such amounts, unless otherwise provided herein, shall be paid in accordance with the terms of this Plan to the executor, personal representative or administrators of the Severed Employee’s estate.",84,Label 84,"Here are three variations of the original text:

This Plan shall benefit and be binding on the heirs, executors, administrators, successors, and assigns of the parties, including all Eligible Employees, past and future, and any successor to the Employer. In the event a Severed Employee passes away while still owed amounts under the Plan, as if they had continued to live, these amounts will be paid to the executor, personal representative, or administrator of the Severed Employee's estate, unless otherwise specified in this Plan.","The augmented text maintains the core legal intent of the original 'Label 84' clause by preserving the provisions for heirs, executors, administrators, and successors, and it also addresses the payment continuation for deceased employees. However, the language is slightly more verbose and includes some conversational elements like ""as if they had continued to live.""",YES,Accepted,2026-04-20T16:35:27.535038
9,"The execution, delivery and performance by West Side of this Agreement and the consummation by West Side of the transactions contemplated hereby, do not and will not: (a) conflict with or result in a violation or breach of, or default under, any provision of the Governing Documents of West Side; (b) conflict with or result in a violation or breach of any provision of any Law applicable to West Side; (c) require the consent of, notice to or other action by any Person under any Contract to which West Side is a party; or (d) result in the creation or imposition of any Encumbrance on West Side’s State Street Shares. No consent, approval, permit, Governmental Order, declaration or filing with, or notice to, any Governmental Authority is required by or with respect to West Side in connection with the execution and delivery of this Agreement and each other Transaction Document to which West Side is a party and the consummation of the transactions contemplated hereby and thereby.",22,Label 22,"The execution, delivery, and performance by West Side of this Agreement and the consummation by West Side of the transactions contemplated hereby will not conflict with or result in a violation or breach of any provision of the governing documents of West Side, or any provision of any law applicable to West Side, or require the consent of, notice to, or other action by any person under any contract to which West Side is a party, or result in the creation or imposition of any encumbrance on West Side's State Street shares, nor will they require any consent, approval, permit, government order, declaration, or filing with, or notice to, any governmental authority","The original 'Label 22' clause typically addresses non-conflict and non-breaching conditions for the parties involved. The augmented text closely mirrors this intent by ensuring that West Side’s actions do not violate laws, contracts, or create encumbrances, thus preserving the core legal intent.",YES,Accepted,2026-04-20T15:42:14.844549
4,"Within 60 days after Closing, Buyer shall discontinue its and the LLCs’ use of all of trademarks, tradenames, and any other intellectual property of Sellers and their Affiliates (the “ Proprietary Property ”). Neither Buyer nor the LLCs shall have any right, title or interest in or to such Proprietary Property, and such parties shall take no action to create or reproduce any materials using any of the Proprietary Property. To the extent the LLCs own, through creation or otherwise, any right or interest in any of the Proprietary Property, each LLC hereby transfers and assigns such rights and interests to the Sellers.",53,Label 53,"Upon expiration of the 60-day period, neither Buyer nor the LLCs shall have any right, title or interest in or to the Proprietary Property, and such parties shall take no action to create or reproduce any materials using the Proprietary Property.",The original Label 53 clause likely pertains to the termination of rights and the prohibition against further use of proprietary property. The augmented text maintains this core intent but simplifies it.,YES,Accepted,2026-04-20T15:25:01.729041
17,"The Award Agreement shall apply to and bind the Holder and the Company and their respective permitted assignees or transferees, heirs, legatees, executors, administrators and legal successors.",13,Label 13,"The Award Agreement shall bind the Holder, the Company, and their respective assignees, transferees, heirs, legatees, executors, administrators, and legal successors.","The original 'Label 13' clause likely pertains to the binding nature of certain agreements, and the augmented text accurately captures this by specifying the parties and their successors in a formal manner.",YES,Accepted,2026-04-20T16:09:12.484939
23,"Contingent upon the execution of the Subsequent Agreement by the parties, the parties agree that the terms of the Stegodon Loan will be amended to require only interest-only payments until June 30, 2019, and all cash covenants will be waived until June 30, 2019. Amyris agrees that all Value-Creation payments received by Amyris under the Subsequent Agreement will be paid to Stegodon and applied first to accrued interest and then to principal of the Stegodon notes up to $1 million per month until the Stegodon Loan is fully paid off.",97,Label 97,"Here are three variations of the original text:

Upon the execution of the Subsequent Agreement, the parties agree to modify the Stegodon Loan, deferring interest-only payments until June 30, 2019, and waiving all cash covenants until the same date. Pursuant to the Subsequent Agreement, Amyris will direct all Value-Creation payments received under the agreement to Stegodon, to be applied first to accrued interest and then to principal of the Stegodon notes, up to a maximum of $1 million per month, until the Stegodon Loan is fully satisfied.

Upon execution of the Subsequent Agreement, the parties shall amend the Stegodon Loan terms to require interest-only payments through June 30, 2019, and suspend all cash covenants until that date. The parties agree that Value-Creation payments received by Amyris under the Subsequent Agreement will be remitted to Stegodon, to be applied first to accrued interest and then to principal of the Stegodon notes, up to $1 million per month, until the Stegodon Loan is fully paid off.

Contingent upon the execution of the Subsequent Agreement, the parties agree to modify the Stegodon Loan, allowing for interest-only payments until June 30, 2019, and waiving all cash covenants during that period. The parties further agree that all Value-Creation payments received by Amyris under the Subsequent Agreement will be directed to Stegodon and applied first to accrued interest and then to principal of the Stegodon notes, up to $1 million per month, until the Stegodon Loan is fully repaid.","The augmented texts generally preserve the key elements of the original 'Label 97' clause, including the modification of the Stegodon Loan to allow interest-only payments, the suspension of cash covenants, the redirection of Value-Creation payments, and the application of these payments to interest and principal. However, the second version uses ""suspend"" instead of ""waive,"" which could imply a temporary halt rather than a permanent removal of obligations, potentially altering the legal intent.",YES,Accepted,2026-04-20T16:28:42.426833
3,"(a) The Borrower agrees to pay to the Administrative Agent for the account of each Revolving Lender a commitment fee for the period from and including the Closing Date to the last day of the Revolving Commitment Period, computed at the Commitment Fee Rate on the average daily amount of the Available Commitment of such Lender during the period for which payment is made, payable quarterly in arrears on each Fee Payment Date, commencing on the first such date to occur after the Closing Date.",42,Label 42,"(b) Pursuant to the agreement, the borrower shall pay to the administrative agent, for the account of each revolving lender, a commitment fee from the closing date to the end of the revolving commitment period, computed at the commitment fee rate on the average daily amount of available commitment, and payable in arrears on each fee payment date, commencing on the first such date after the closing date.","The original 'Label 42' clause pertains to a specific fee (commitment fee) and its calculation, payment schedule, and timing. The augmented text accurately captures these elements without any conversational fillers or alterations to the legal intent.",YES,Accepted,2026-04-20T15:21:33.319881
12,"The parties hereby consent to the exclusive jurisdiction of the Superior Court of the Commonwealth of Massachusetts and the United States District Court for the District of Massachusetts for the resolution of any dispute arising under this Agreement or otherwise concerning Executive’s employment. Accordingly, with respect to any such court action, the Executive (a) submits to the personal jurisdiction of such courts; (b) consents to service of process; and (c) waives any other requirement (whether imposed by statute, rule of court, or otherwise) with respect to personal jurisdiction or service of process.",21,Label 21,"The parties consent to the exclusive jurisdiction of the Superior Court of Massachusetts and the United States District Court for the District of Massachusetts for resolving any disputes arising from this Agreement or otherwise related to the Executive's employment. In the event of a court action, the Executive submits to the jurisdiction of such courts, consents to service, and waives any requirements related to jurisdiction or service, whether statutory, rule-based, or otherwise.","The augmented text accurately captures the core elements of the original 'Label 21' clause, including the exclusive jurisdiction, the courts specified, and the waiver of jurisdiction and service requirements. However, it slightly rephrases the content in a more formal and concise manner, which is appropriate for a legal contract.",YES,Accepted,2026-04-20T15:52:02.848196
24,"The provisions of this Section 7.7 are also for the benefit of the Indemnitees, their employees, officers, directors, trustees, heirs, successors, assigns and administrators and shall not be deemed to create any rights for the benefit of any other Persons.  Any amendment, modification or repeal of this Section 7.7 or any provision hereof shall be prospective only and shall not in any way affect the limitation on the Partnership’s liability to any Indemnitee under this Section 7.7, as in effect immediately prior to such amendment, modification or repeal with respect to claims arising from or related to matters occurring, in whole or in part, prior to such amendment, modification or repeal, regardless of when such claims may arise or be asserted.",12,Label 12,"The provisions of Section 7.7 are intended to benefit the Indemnitees, their affiliates, and their respective employees, officers, directors, trustees, heirs, successors, assigns, and administrators, and shall not be interpreted to create any rights for the benefit of any other individuals or entities.","The original 'Label 12' clause likely pertains to indemnification, and the augmented text accurately reflects this by limiting the beneficiaries to specific parties related to the Indemnitees. No conversational fillers are present.",YES,Accepted,2026-04-20T16:32:17.227279
39,"If, during the Employment Period, OUTFRONT terminates the employment of Executive on account of Executive’s disability or other incapacity, then OUTFRONT shall have no further obligation to Executive hereunder; provided , however , that in the event of Executive’s disability or other incapacity OUTFRONT may terminate this Agreement effective only after the expiration of a period the length of which shall be determined by the OUTFRONT Human Resources Department pursuant to the then applicable OUTFRONT short-term and long-term disability programs (which, as of the date hereof, provides that termination shall occur upon the expiration of short-term disability benefits). Notwithstanding the foregoing, Executive shall be entitled to receive (i) the Accrued Amounts (earned through the termination of Executive’s employment pursuant to this paragraph 7(c)) and (ii) a pro-rata portion of any bonus compensation for the calendar year in which the termination occurs, determined in accordance with the EBP. The Accrued Amounts shall be paid in a lump sum to Executive on the first payroll date following the termination of Executive’s employment. The precise amount of the pro-rata bonus, if any, will be determined in a manner consistent with the manner bonus pay determinations are made for comparable executives, and such bonus, if any, less applicable deductions and withholding taxes, shall be payable by February 28 of the calendar year following the calendar year in which the termination occurs in accordance with EBP guidelines.",30,Label 30,"':

If, during the Employment Period, OUTFRONT terminates the employment of Executive on account of Executive’s disability or other incapacity, then OUTFRONT shall have no further obligation to Executive hereunder; provided, however, that in the event of Executive’s disability or other incapacity, OUTFRONT may terminate this Agreement effective only after the expiration of a period the length of which shall be determined by the OUTFRONT Human Resources Department, in accordance with the OUTFRONT short-term and long-term disability programs. Notwithstanding the foregoing, Executive shall be entitled to receive (i) the Accrued Amounts (earned through the termination of Executive’s employment pursuant to this paragraph 7(c)) and (ii) a pro-rata portion of any bonus compensation for the calendar year in which the termination occurs, determined in accordance with the EBP. The Accrued Amounts shall be paid in a lump sum to Executive on the first payroll date following the termination of Executive’s employment. The precise amount of the pro-rata bonus, if any, will be determined in a manner consistent with the manner bonus pay determinations are made for comparable executives, and such bonus, if any, less applicable deductions and withholding taxes, shall be payable by February 28 of the calendar year following the calendar year in which the termination occurs in accordance with EBP guidelines.","The augmented text accurately preserves the legal intent of the original 'Label 30' clause by maintaining the conditions for termination, the obligations of the employer, and the entitlements of the employee in case of disability or incapacity.",YES,Accepted,2026-04-20T17:25:01.830046
